Symbol,Direction,Entry Price,Max Size,Max Size USDT,Realized PnL,Realized PnL %,Open Time,Close Time,Runup,Drawdown
BNXUSDT,Short,0.65 USDT,"1,342,058.6","-872,030.05 USDT","-421,440.81 USDT",-48.33 %,02/09/2025 12:02 UTC,03/02/2025 23:16 UTC,69.34 % 0.38 USDT,-50.47 % 1.31 USDT
OMUSDT,Short,8.516 USDT,"137,009","-1,166,773.46 USDT","206,560 USDT",17.70 %,02/22/2025 23:50 UTC,03/02/2025 06:59 UTC,21.27 % 7.02 USDT,-4.39 % 8.91 USDT
ETHUSDT,Short,"2,728.25 USDT",449.213,"-1,225,565.37 USDT","22,014 USDT",1.80 %,02/21/2025 15:39 UTC,02/22/2025 00:56 UTC,"4.12 % 2,620 USDT","-1.27 % 2,763 USDT"
BERAUSDT,Short,7.707 USDT,"84,958","-654,770.52 USDT","10,951 USDT",1.67 %,02/21/2025 15:40 UTC,02/22/2025 00:51 UTC,4.53 % 7.37 USDT,-3.49 % 7.99 USDT
OMUSDT,Short,8.001 USDT,"94,897.4","-759,291.80 USDT","44,672 USDT",5.88 %,02/21/2025 01:04 UTC,02/21/2025 10:56 UTC,6.59 % 7.51 USDT,-0.64 % 8.05 USDT
JTOUSDT,Short,3.237 USDT,"69,022","-223,424.21 USDT","4,797 USDT",2.15 %,02/21/2025 05:35 UTC,02/21/2025 05:44 UTC,2.52 % 3.16 USDT,
TRUMPUSDT,Short,17.669 USDT,"76,373.82","-1,349,423.79 USDT","23,802 USDT",1.76 %,02/13/2025 06:24 UTC,02/17/2025 08:06 UTC,11.28 % 15.88 USDT,-27.11 % 24.24 USDT
GLMUSDT,Short,0.37 USDT,"926,589","-342,866.37 USDT","23,274 USDT",6.79 %,02/17/2025 00:49 UTC,02/17/2025 05:47 UTC,7.73 % 0.34 USDT,
MELANIAUSDT,Short,1.331 USDT,"166,359.85","-221,476.75 USDT","1,903 USDT",0.86 %,02/16/2025 01:02 UTC,02/16/2025 13:59 UTC,1.70 % 1.31 USDT,-1.02 % 1.34 USDT
OMUSDT,Short,7.887 USDT,"57,968.4","-457,196.92 USDT","4,691 USDT",1.03 %,02/15/2025 04:03 UTC,02/15/2025 04:34 UTC,2.99 % 7.66 USDT,
OMUSDT,Short,7.103 USDT,"77,300.1","-549,071.04 USDT",131.10 USDT,0.02 %,02/15/2025 02:37 UTC,02/15/2025 03:41 UTC,2.31 % 6.94 USDT,
BERAUSDT,Short,5.977 USDT,"114,867.8","-686,577.25 USDT","59,583 USDT",8.68 %,02/12/2025 00:12 UTC,02/14/2025 06:57 UTC,10.12 % 5.43 USDT,-4.03 % 6.23 USDT
LAYERUSDT,Short,1.241 USDT,"419,294.7","-520,141.46 USDT","58,284 USDT",11.21 %,02/12/2025 00:37 UTC,02/12/2025 00:51 UTC,6.58 % 1.16 USDT,-3.08 % 1.28 USDT
LAYERUSDT,Long,0.771 USDT,"362,525.5","279,362.87 USDT",703.77 USDT,0.25 %,02/11/2025 16:01 UTC,02/11/2025 17:04 UTC,7.25 % 0.83 USDT,-11.98 % 0.68 USDT
MELANIAUSDT,Short,1.435 USDT,"165,464.45","-237,454.51 USDT","1,445 USDT",0.61 %,02/11/2025 13:31 UTC,02/11/2025 16:02 UTC,1.20 % 1.42 USDT,-0.06 % 1.44 USDT
TRUMPUSDT,Short,15.816 USDT,"22,154.72","350,390.02 USDT",932.95 USDT,0.27 %,02/11/2025 13:30 UTC,02/11/2025 15:59 UTC,1.73 % 15.55 USDT,-0.15 % 15.84 USDT
BERAUSDT,Short,6.2 USDT,"19,581.2","-121,406.03 USDT","13,272 USDT",10.93 %,02/11/2025 07:12 UTC,02/11/2025 15:56 UTC,14.90 % 5.40 USDT,
TSTUSDT,Short,0.22 USDT,"431,583","94,938.00 USDT","15,992 USDT",16.85 %,02/11/2025 10:45 UTC,02/11/2025 15:55 UTC,23.72 % 0.18 USDT,-1.88 % 0.22 USDT
LAYERUSDT,Long,0.77 USDT,"75,922.8","58,475.74 USDT","1,502 USDT",2.57 %,02/11/2025 15:47 UTC,02/11/2025 15:49 UTC,3.71 % 0.80 USDT,
LAYERUSDT,Short,0.774 USDT,"51,886.2","40,133.98 USDT",296.57 USDT,0.74 %,02/11/2025 15:46 UTC,02/11/2025 15:47 UTC,,
LAYERUSDT,Long,0.761 USDT,"35,331","26,889.52 USDT",518.11 USDT,1.93 %,02/11/2025 15:46 UTC,02/11/2025 15:46 UTC,,
BERAUSDT,Short,5.186 USDT,"45,879.7","-237,940.89 USDT","14,821 USDT",6.23 %,02/09/2025 22:52 UTC,02/10/2025 02:45 UTC,8.59 % 4.78 USDT,-2.18 % 5.30 USDT
SANDUSDT,Short,0.374 USDT,"732,765","-274,261.11 USDT","7,723 USDT",2.82 %,02/09/2025 22:45 UTC,02/10/2025 02:43 UTC,3.39 % 0.36 USDT,-2.19 % 0.38 USDT
TSTUSDT,Short,0.23 USDT,"900,391","-206,729.77 USDT","35,451 USDT",17.15 %,02/09/2025 22:54 UTC,02/10/2025 00:47 UTC,15.78 % 0.20 USDT,-5.90 % 0.24 USDT
MEUSDT,Short,1.878 USDT,"94,448.7","-177,387.42 USDT","18,365 USDT",10.35 %,02/09/2025 12:18 UTC,02/09/2025 21:33 UTC,11.53 % 1.68 USDT,-3.54 % 1.95 USDT
TSTUSDT,Short,0.355 USDT,"194,155","-68,900.19 USDT","24,184 USDT",35.10 %,02/09/2025 13:00 UTC,02/09/2025 21:32 UTC,56.19 % 0.23 USDT,
BERAUSDT,Short,5.836 USDT,"27,902.3","-162,832.81 USDT","19,599 USDT",12.04 %,02/09/2025 11:43 UTC,02/09/2025 21:31 UTC,15.47 % 5.05 USDT,-1.21 % 5.91 USDT
RUNEUSDT,Short,1.245 USDT,"141,013","175,498.60 USDT",960.20 USDT,0.55 %,02/09/2025 11:43 UTC,02/09/2025 20:46 UTC,3.54 % 1.20 USDT,-0.04 % 1.24 USDT
RUNEUSDT,Short,1.265 USDT,"566,795","-717,037.74 USDT","-2,777.37 USDT",-0.39 %,02/02/2025 05:15 UTC,02/02/2025 23:26 UTC,1.78 % 1.24 USDT,-10.47 % 1.41 USDT
XRPUSDT,Long,2.494 USDT,"1,125,547.2","2,806,675.66 USDT","9,737 USDT",0.35 %,02/02/2025 22:40 UTC,02/02/2025 22:42 UTC,0.87 % 2.52 USDT,-1.74 % 2.45 USDT
BTCUSDT,Long,"96,582.266 USDT",26.107,"2,521,473.23 USDT",-243.02 USDT,-0.01 %,02/02/2025 21:42 UTC,02/02/2025 21:44 UTC,"0.21 % 96,781 USDT","-0.03 % 96,554 USDT"
XRPUSDT,Short,2.546 USDT,"1,803,873.4","4,592,343.38 USDT","-13,723.79 USDT",-0.30 %,01/15/2025 23:17 UTC,02/02/2025 17:54 UTC,,-22.28 % 3.28 USDT
TRUMPUSDT,Long,21 USDT,"10,714.28","224,998.54 USDT","1,016 USDT",0.45 %,02/02/2025 04:11 UTC,02/02/2025 04:12 UTC,0.76 % 21.16 USDT,-0.26 % 20.95 USDT
VTHOUSDT,Short,0.006 USDT,"63,130,114","-369,759.07 USDT","23,580 USDT",6.38 %,02/01/2025 22:26 UTC,02/02/2025 04:09 UTC,8.10 % 0.01 USDT,
QTUMUSDT,Short,3.733 USDT,"67,086","-250,412.62 USDT","8,752 USDT",3.50 %,02/01/2025 22:48 UTC,02/02/2025 04:08 UTC,5.44 % 3.54 USDT,-4.44 % 3.91 USDT
RUNEUSDT,Short,1.151 USDT,"191,488","-220,339.76 USDT","15,894 USDT",7.21 %,02/01/2025 23:06 UTC,02/02/2025 04:06 UTC,19.36 % 0.96 USDT,-3.71 % 1.20 USDT
QTUMUSDT,Short,3.777 USDT,"86,349.3","-326,165.20 USDT","5,291 USDT",1.62 %,02/01/2025 09:43 UTC,02/01/2025 15:23 UTC,0.86 % 3.74 USDT,-5.07 % 3.98 USDT
QTUMUSDT,Short,3.716 USDT,"61,582.7","-228,858.67 USDT","6,779 USDT",2.96 %,01/31/2025 14:50 UTC,01/31/2025 15:26 UTC,1.57 % 3.66 USDT,-0.21 % 3.72 USDT
VIRTUALUSDT,Short,2.338 USDT,"906,136.3","-2,118,421.27 USDT","128,349 USDT",6.06 %,01/31/2025 10:17 UTC,01/31/2025 14:45 UTC,7.25 % 2.18 USDT,-0.20 % 2.34 USDT
VTHOUSDT,Short,0.006 USDT,"92,297,682","-575,018.92 USDT","21,952 USDT",3.82 %,01/31/2025 09:58 UTC,01/31/2025 12:01 UTC,5.47 % 0.01 USDT,-2.52 % 0.01 USDT
OMUSDT,Short,5.62 USDT,"86,468.1","-485,989.61 USDT","1,217 USDT",0.25 %,01/31/2025 03:37 UTC,01/31/2025 04:35 UTC,0.86 % 5.57 USDT,-0.17 % 5.63 USDT
MOVEUSDT,Short,0.864 USDT,"716,511","-618,759.79 USDT","40,981 USDT",6.62 %,01/28/2025 15:07 UTC,01/30/2025 03:19 UTC,13.23 % 0.76 USDT,
DOGEUSDT,Short,0.331 USDT,"6,060,335","-2,007,601.75 USDT","18,769 USDT",0.93 %,01/28/2025 14:28 UTC,01/29/2025 18:57 UTC,4.85 % 0.32 USDT,-1.16 % 0.34 USDT
VINEUSDT,Short,0.315 USDT,"1,699,427","-534,879.38 USDT","27,419 USDT",5.13 %,01/29/2025 06:22 UTC,01/29/2025 17:46 UTC,12.94 % 0.28 USDT,-0.76 % 0.32 USDT
VINEUSDT,Short,0.235 USDT,"5,562,183","-1,305,036.38 USDT",-707.48 USDT,-0.05 %,01/25/2025 03:35 UTC,01/28/2025 14:26 UTC,12.90 % 0.21 USDT,-49.25 % 0.46 USDT
DOGEUSDT,Short,0.333 USDT,"6,456,443","-2,150,112.49 USDT","30,471 USDT",1.42 %,01/28/2025 01:49 UTC,01/28/2025 14:14 UTC,1.23 % 0.33 USDT,-1.56 % 0.34 USDT
BNBUSDT,Short,671.342 USDT,306.03,"205,450.67 USDT",136.10 USDT,0.07 %,01/28/2025 13:45 UTC,01/28/2025 14:11 UTC,0.12 % 670.57 USDT,-0.15 % 672.33 USDT
SUIUSDT,Short,3.948 USDT,"138,804.5","547,958.69 USDT","12,916 USDT",2.36 %,01/28/2025 06:17 UTC,01/28/2025 12:09 UTC,3.32 % 3.82 USDT,
ETHUSDT,Short,"3,125.317 USDT",326.357,"1,019,969.01 USDT","1,795 USDT",0.18 %,01/27/2025 13:09 UTC,01/27/2025 13:18 UTC,"0.10 % 3,122 USDT",
DOGEUSDT,Short,0.346 USDT,"7,234,928","-2,506,446.97 USDT","254,590 USDT",10.16 %,01/23/2025 12:46 UTC,01/27/2025 12:25 UTC,12.32 % 0.31 USDT,-4.75 % 0.36 USDT
RUNEUSDT,Short,2.537 USDT,"483,240","-1,226,146.54 USDT","90,417 USDT",7.37 %,01/26/2025 23:34 UTC,01/27/2025 11:59 UTC,8.71 % 2.33 USDT,-2.07 % 2.59 USDT
WLDUSDT,Short,1.994 USDT,"564,719","-1,126,049.11 USDT","80,302 USDT",7.13 %,01/26/2025 23:25 UTC,01/27/2025 11:53 UTC,9.62 % 1.82 USDT,-0.22 % 2.00 USDT
VTHOUSDT,Short,0.006 USDT,"81,568,307","-520,379.63 USDT","32,297 USDT",6.21 %,01/26/2025 00:40 UTC,01/26/2025 02:45 UTC,6.13 % 0.01 USDT,-1.37 % 0.01 USDT
ANIMEUSDT,Short,0.08 USDT,"19,843,970","-1,593,828.26 USDT","409,166 USDT",25.67 %,01/23/2025 17:41 UTC,01/25/2025 05:28 UTC,39.68 % 0.06 USDT,-0.23 % 0.08 USDT
MELANIAUSDT,Short,2.766 USDT,"259,079.81","-716,656.44 USDT","95,184 USDT",13.28 %,01/23/2025 12:47 UTC,01/25/2025 05:14 UTC,16.81 % 2.37 USDT,-6.10 % 2.95 USDT
TRUMPUSDT,Short,36.002 USDT,"53,726.99","-1,934,273.79 USDT","398,242 USDT",20.59 %,01/23/2025 12:47 UTC,01/25/2025 05:14 UTC,28.50 % 28.02 USDT,-8.09 % 39.17 USDT
VINEUSDT,Short,0.13 USDT,"118,461","15,406.29 USDT",973.42 USDT,6.32 %,01/24/2025 23:57 UTC,01/25/2025 00:37 UTC,8.97 % 0.12 USDT,-0.65 % 0.13 USDT
VINEUSDT,Short,0.193 USDT,"1,106,268","-213,236.35 USDT","90,339 USDT",42.37 %,01/24/2025 13:46 UTC,01/24/2025 21:32 UTC,71.27 % 0.11 USDT,-1.54 % 0.20 USDT
TRUMPUSDT,Long,40.454 USDT,"24,520.66","991,966.32 USDT","-116,619.35 USDT",-11.76 %,01/22/2025 02:00 UTC,01/23/2025 12:45 UTC,8.55 % 43.91 USDT,-13.03 % 35.18 USDT
XLMUSDT,Short,0.426 USDT,"5,177,817","2,207,381.76 USDT","28,463 USDT",1.29 %,01/21/2025 15:14 UTC,01/23/2025 05:05 UTC,2.07 % 0.42 USDT,-4.35 % 0.45 USDT
DOGEUSDT,Short,0.364 USDT,"4,253,901","-1,548,296.08 USDT","54,774 USDT",3.54 %,01/22/2025 13:10 UTC,01/23/2025 05:01 UTC,4.29 % 0.35 USDT,-0.75 % 0.37 USDT
VTHOUSDT,Long,0.008 USDT,"59,360,500","491,446.05 USDT","-25,706.68 USDT",-5.23 %,01/22/2025 09:55 UTC,01/22/2025 10:07 UTC,,-8.12 % 0.01 USDT
VTHOUSDT,Short,0.008 USDT,"16,295,833","-136,316.06 USDT","4,905 USDT",3.60 %,01/22/2025 09:32 UTC,01/22/2025 09:56 UTC,4.16 % 0.01 USDT,-0.92 % 0.01 USDT
TRUMPUSDT,Short,40.899 USDT,"6,860.13","280,572.46 USDT","-6,386.01 USDT",-2.28 %,01/22/2025 01:46 UTC,01/22/2025 02:00 UTC,,-2.14 % 41.79 USDT
TRUMPUSDT,Long,41.056 USDT,"10,582.41","434,472.48 USDT",-71.31 USDT,-0.02 %,01/22/2025 01:39 UTC,01/22/2025 01:46 UTC,0.17 % 41.13 USDT,-0.92 % 40.68 USDT
